{"assets/google_fonts/OFL.txt":["assets/google_fonts/OFL.txt"],"assets/google_fonts/Raleway-Black.ttf":["assets/google_fonts/Raleway-Black.ttf"],"assets/google_fonts/Raleway-BlackItalic.ttf":["assets/google_fonts/Raleway-BlackItalic.ttf"],"assets/google_fonts/Raleway-Bold.ttf":["assets/google_fonts/Raleway-Bold.ttf"],"assets/google_fonts/Raleway-BoldItalic.ttf":["assets/google_fonts/Raleway-BoldItalic.ttf"],"assets/google_fonts/Raleway-ExtraBold.ttf":["assets/google_fonts/Raleway-ExtraBold.ttf"],"assets/google_fonts/Raleway-ExtraBoldItalic.ttf":["assets/google_fonts/Raleway-ExtraBoldItalic.ttf"],"assets/google_fonts/Raleway-ExtraLight.ttf":["assets/google_fonts/Raleway-ExtraLight.ttf"],"assets/google_fonts/Raleway-ExtraLightItalic.ttf":["assets/google_fonts/Raleway-ExtraLightItalic.ttf"],"assets/google_fonts/Raleway-Italic-VariableFont_wght.ttf":["assets/google_fonts/Raleway-Italic-VariableFont_wght.ttf"],"assets/google_fonts/Raleway-Italic.ttf":["assets/google_fonts/Raleway-Italic.ttf"],"assets/google_fonts/Raleway-Light.ttf":["assets/google_fonts/Raleway-Light.ttf"],"assets/google_fonts/Raleway-LightItalic.ttf":["assets/google_fonts/Raleway-LightItalic.ttf"],"assets/google_fonts/Raleway-Medium.ttf":["assets/google_fonts/Raleway-Medium.ttf"],"assets/google_fonts/Raleway-MediumItalic.ttf":["assets/google_fonts/Raleway-MediumItalic.ttf"],"assets/google_fonts/Raleway-Regular.ttf":["assets/google_fonts/Raleway-Regular.ttf"],"assets/google_fonts/Raleway-SemiBold.ttf":["assets/google_fonts/Raleway-SemiBold.ttf"],"assets/google_fonts/Raleway-SemiBoldItalic.ttf":["assets/google_fonts/Raleway-SemiBoldItalic.ttf"],"assets/google_fonts/Raleway-Thin.ttf":["assets/google_fonts/Raleway-Thin.ttf"],"assets/google_fonts/Raleway-ThinItalic.ttf":["assets/google_fonts/Raleway-ThinItalic.ttf"],"assets/google_fonts/Raleway-VariableFont_wght.ttf":["assets/google_fonts/Raleway-VariableFont_wght.ttf"],"assets/google_fonts/publish-1.0.pom":["assets/google_fonts/publish-1.0.pom"],"packages/cupertino_icons/assets/CupertinoIcons.ttf":["packages/cupertino_icons/assets/CupertinoIcons.ttf"]}